Position,Type,Strand,Dataset,Sample,Confidence_score,Dist_from_source
575,TIS,Heavy,HS_HeLa_gro,SRR1596501_1_HS,0.9385995224464807,575
16290,TERM,Heavy,HS_HeLa_gro,SRR1596501_1_HS,0.9313793334262732,-280
456,TIS,Light,HS_HeLa_gro,SRR1596501_1_HS,0.8374828226042218,456
2678,TERM,Light,HS_HeLa_gro,SRR1596501_1_HS,0.42377750906932743,2678
2875,TERM,Light,HS_HeLa_gro,SRR1596501_1_HS,0.8667195661025677,2875
