phylum,mtDNA bias,non mtDNA bias,Non-significant
Echinodermata,72.22222222222221,27.77777777777778,0.0
Mollusca,55.00000000000001,40.0,5.0
Nematoda,5.0,35.0,60.0
Chordata,90.0,10.0,0.0
Arthropoda,55.00000000000001,45.0,0.0
Platyhelminthes,33.33333333333333,50.0,16.666666666666664
Annelida,50.0,30.0,20.0
Porifera,60.0,35.0,5.0
